metric,dense,hybrid,diff,diff_pct
context_precision,0.798611111042014,0.761904761845139,-0.03670634919687499,-4.596273291136805
context_recall,0.9038461538461539,0.8166666666666667,-0.0871794871794872,-9.645390070921989
faithfulness,0.9266666666666665,0.8571428571428571,-0.06952380952380943,-7.502569373072962
answer_relevancy,0.5812076428971,0.5054746902874044,-0.07573295260969559,-13.030274728012092
answer_correctness,0.7213693510288605,0.602437819580228,-0.11893153144863244,-16.486912187079355
